bootstrap,rsync,dotfiles make install copies the clone into $DOTFILES
bootstrap,unzip,fnm installer
bootstrap,git,clone dotfiles
bootstrap,zsh,login shell (chsh)
bootstrap,curl,fetch installer stages
bootstrap,tmux,make install (tpm)
bootstrap,fzf,make install
bootstrap,jq,make install
bootstrap,python,make install / pi-setup
bootstrap,openssh,ssh keys from the bootstrap kit
bootstrap,pcsclite,YubiKey (PC/SC) for the bootstrap kit
bootstrap,age,decrypt the bootstrap kit
bootstrap,age-plugin-yubikey,YubiKey identity for age
bootstrap,syncthing,join the Syncthing mesh (bootstrap_sync)
bootstrap,bluez,install_bluetooth enables bluetooth.service
bootstrap,bluez-utils,bluetoothctl
bootstrap,docker,install_docker enables docker.service
bootstrap,tailscale,install_tailscale enables tailscaled
